schema_version,episode_id,raw_episode_relpath,recorder_script_version,technical_valid,recorder_overall_pass,failed_checks,sample_count,csv_row_count,front_image_count,wrist_image_count,duration_seconds,max_tracking_error,file_count,total_bytes,metadata_sha256,samples_sha256,episode_tree_sha256
evidencemm_day28_registered_source_manifest_v1,20260823_163223,20260823_163223,episode_recorder_v7,true,true,,900,900,900,900,59.930977200,10.452655,1802,99669392,6983ba29c0da84a24aa36a3a7bf5b5172c3e1118c036c17d7ec22284c54d567d,38ca2a1fed6112fe277422fa40510258208667f1694b2cf8638d3d29f11c6cda,83e05dceb6fce9baff30cfd6dde7b0fceed50960c2fda7cf9c1adb40bcd4210d
evidencemm_day28_registered_source_manifest_v1,20260823_163557,20260823_163557,episode_recorder_v7,true,true,,900,900,900,900,59.935240800,10.662121,1802,102077219,44dab513ebae160aea1c9b597a2ffe581df798106666c6e186ed3543ec76ff9f,239714eac7027170b7eb0411544d5502fe8a7386a669c1c92932dc9cb04288e8,e16b2b8500597562cd1b5d0e9a27be068f61a88c85be3b57f89570e794bc73ef
evidencemm_day28_registered_source_manifest_v1,20260823_163843,20260823_163843,episode_recorder_v7,true,true,,900,900,900,900,59.933103300,11.234750,1802,100431059,808673a8523a112c75987bb0d764b7453f6dbc4ed7b868a405aa4a038e2cbc31,7a8f5503855d4efb2f49ebf200bb6d4596d5559b663cb2f0721a726c98949894,529c49ad7defaba5d98a08d21154e294067e9625989ee4bc31aaf424b1d6e688
evidencemm_day28_registered_source_manifest_v1,20260823_164637,20260823_164637,episode_recorder_v7,true,true,,900,900,900,900,59.938740900,10.658098,1802,101126081,390f1d9124d0ae963380e5c12a3bb164b94d4565724a153ea2727a1ad05d3fe6,f9d846081342321400ad1a9aec7238fec9e75ab7a853b91891c0e885409eafbf,b260322207b436a48adadf5f6cb48de202a833049ac8ab324dd1c5532e1e5382
evidencemm_day28_registered_source_manifest_v1,20260823_165454,20260823_165454,episode_recorder_v7,true,true,,900,900,900,900,59.933637600,10.289080,1802,102656974,f3665f1492c18f69048bd82017dba2cf3c5d33ce5e689f8c997a9f00d5eb4387,112229df66b7156c1221dac430415ef8ac625c63ffae8aa61c9f38dcfcd894f9,3bfb32eb2fe6d43373dc60d6b16818472197ef9fd0bce53954d4eceb496711cb
evidencemm_day28_registered_source_manifest_v1,20260823_171354,20260823_171354,episode_recorder_v7,true,true,,900,900,900,900,59.936197100,9.277595,1802,100047875,7d3e815576cc490ab6ca35a7179cd6dc0bde9f6ad891bec5ad4ae017cd6668fb,5049332ce7f1e7f9e1dfc5734bf964e8f365f0e6cd3bd1640225c42d0a4d4f49,71e33acdf1457ef66eda88f77122eaf6c6d5107bf3f5d035a89673c10939b473
evidencemm_day28_registered_source_manifest_v1,20260823_171616,20260823_171616,episode_recorder_v7,true,true,,900,900,900,900,59.933603100,10.661550,1802,101438674,bfe119a07393b092a7dfec5d50c4e1367d6516ee68760dc6a62474dc5e2914bf,117f370804a98a95e7edafd1d61b47f6ed2201893aed81a4f7ae1df3209aee39,57415bc0746b6f4859d2d2572a409757c38d18520fd80129198c77915ded8a5e
evidencemm_day28_registered_source_manifest_v1,20260823_172235,20260823_172235,episode_recorder_v7,true,true,,900,900,900,900,59.935126500,9.325416,1802,99688014,9eb6163c604c0397a3883d37b23d91a6995b2ef5912b75b516d81b69fe0b4c47,18823dd1ec0bc385646fe29a4b2c5b48d222ab9e4337541fa97077fd23f834c0,e668fe134f6062ca713dbffae1d79f2f96a3a6106b6c7feb4c596eede7093095
evidencemm_day28_registered_source_manifest_v1,20260823_172518,20260823_172518,episode_recorder_v7,true,true,,900,900,900,900,59.933787400,9.941176,1802,102735893,7cc29c76a1275794535c24fc79fed651f067ca8e28d52f655eef255965932443,f42a0843ed5bb49a136d000add17d0ae165e6e10ab1c40f8c214f121ac5731ca,d83e39ed53b44d3e98f731b87fc8257956ba176b07b74c44a81bad7e034753a6
evidencemm_day28_registered_source_manifest_v1,20260823_173422,20260823_173422,episode_recorder_v7,true,true,,900,900,900,900,59.934397300,9.720058,1802,101436077,246078cd0534d47a36f9af1c259d76431e3c6a0ea23edd6b5fbb9e3f6a218045,8f6c81cd9232b787eec10261fea439936c67ede5f401b739e996aca595625f96,daf85d28b20fd457e37423be25da637311bc5f2c0a9fc710e3f373f7aaff86b9
evidencemm_day28_registered_source_manifest_v1,20260823_174955,20260823_174955,episode_recorder_v7,true,true,,900,900,900,900,59.932750000,9.703895,1802,100290365,d7a33721015325e3619f59a14f0a58ff642cd3a3da8b87d2a08b7d65f36493a5,59441bd3f49b11d8bd29a76744e26c3f337bf3cbc870e1baa8a749bb0de0a18e,bdb14ee0cdb12f1ae6acae380b8a39cf7cf3fbbeac92bf8e57424f980f88b6a1
evidencemm_day28_registered_source_manifest_v1,20260823_175237,20260823_175237,episode_recorder_v7,true,true,,900,900,900,900,59.933159200,10.173564,1802,102348408,63e9ebad1bbc06b3f67e1c96f04b1ad770a6c0fc1ae1f3b71d3486f20b2ab7f8,b850a6809e061cf428d6c7043627a44e497fffc681791c2c2d8c8031d2279fc0,5125388d6c7065e53af40bafa35ca40d8364424f2b1a7e9871001717fcf49cf7
evidencemm_day28_registered_source_manifest_v1,20260823_175817,20260823_175817,episode_recorder_v7,true,true,,900,900,900,900,59.936707400,9.765260,1802,102388016,c4ddae83256e626fec91241dacf97936d1f6298210b9c4888b7fbcf78aeee764,9d97255c89731ef2f1bd037ce41d0d2f8b664b29728f9a308c38549c1ec7885e,4d86096d943a5043c584375f5c08af8cf499370f0cd84a42e3e56dda4071b25d
evidencemm_day28_registered_source_manifest_v1,20260823_180125,20260823_180125,episode_recorder_v7,true,true,,900,900,900,900,59.936065900,9.920646,1802,102260386,f8e0133d905a73974465080ebdf434f426c12fd21b445dd5e6e22187cb186116,79d4881c7fcabb7e29403dd5cff8dfd4ada5fee5609311bb3ecd443e82b03a45,fe469d768603e6879bd12d4a679d12dbbc927a3dd14c7186bb5cbfdfb75de2db
evidencemm_day28_registered_source_manifest_v1,20260823_193023,20260823_193023,episode_recorder_v7,true,true,,900,900,900,900,59.933773400,9.949031,1802,103603169,4b3a67c97684be18ec2ed8b409726190c85a6b25b97c17938d78cb15b61bbff8,bd0854b7e23fec26c817b62af60b92cc3106c646843b460345088b19cd8b0fb4,f287d903a099ef093ed04efac0f7245e94049bb64957f87377c1e5ad0bf69d9e
evidencemm_day28_registered_source_manifest_v1,20260823_193258,20260823_193258,episode_recorder_v7,true,true,,900,900,900,900,59.934294700,11.146774,1802,103168651,c2ba1bcef40a80d22cdb480b2d3759e5b54e5c623ad6a4cdb3a99bf1cc41be9e,b13f844f96e7856f576e7a2d6aa1911231e418fb42ecf92d0c85c563019ed862,fbadc9bf9b13fcf7c8dc40fe9b9b711177354bf879043093dc38b5f74d79c324
evidencemm_day28_registered_source_manifest_v1,20260823_193517,20260823_193517,episode_recorder_v7,true,true,,900,900,900,900,59.934395000,10.460962,1802,103125065,a6d01a4fe0971363fbb505ce1381385114bcd21da2a296a8168515f97d5e7b9b,8d073964c86d4ff1b5fb122df35aeccfb22854f37c73e5c496b49b9fb5c85da6,907febaa4b10fadd6ba6f0bd1f5cddebf2dc1240a3dd17e46b700810d1774e57
evidencemm_day28_registered_source_manifest_v1,20260823_195142,20260823_195142,episode_recorder_v7,true,true,,900,900,900,900,59.932274400,10.105738,1802,101236561,b5f243f434b0c7e8987ab13bd7d45aecadacf1c9617c21407439529fa3391318,fa593adb453c08e5846f6ae17d153a138e800f0f22e10485bf30d79233bb2b94,1ad271dc1b3ecea041e1d27c33a93bcd2d5b1fdd2d721d479812c4298eea27cd
evidencemm_day28_registered_source_manifest_v1,20260823_195807,20260823_195807,episode_recorder_v7,true,true,,900,900,900,900,59.933222700,9.547855,1802,103755910,5942c7c3775d5b97e9a8418eca7884c9a9fafd4851f649219c1fc61c805c59a8,85d37de75232690ed978dfe03ca1a88d18f88f2dadd959024263a4d498d166cb,f0e43b84c47915ca41705b6a076b7df4e7a6bfc291364d9763bfc54535f7dba1
evidencemm_day28_registered_source_manifest_v1,20260823_200430,20260823_200430,episode_recorder_v7,true,true,,900,900,900,900,59.934827100,10.833003,1802,100572210,ca54503437b03582425d6e140934fe1dd785d17db02d693c663661c80fc2cd00,3c489bbc409f58f34b2d13d29f1db7048b08891def49c26dfb6823de5a012fea,194bb9f5dcafad81967c50b7cc23c88a53758546f680735c23b6ce319898a04b
evidencemm_day28_registered_source_manifest_v1,20260823_200913,20260823_200913,episode_recorder_v7,true,true,,900,900,900,900,59.933481600,10.806118,1802,106341400,a11ba82657b65127e3effd96f7710e2e37c26bbae6e5ca752fd2f5f7c0d11d71,17ad727565088f2c982be2b7e6102afb48f447da73b9ffad903de2e58ff9f2b8,a8b3c72d4e50616bc145676726fed6045bef6e476ea2affcb99a22d34d724f2c
evidencemm_day28_registered_source_manifest_v1,20260823_201357,20260823_201357,episode_recorder_v7,true,true,,900,900,900,900,59.935584300,10.772698,1802,103638368,7374d63142979eb48d18a6b3b691c35cb1e1c72c791de02c250dfb8cbed3f60d,9e6a085eddfe8ca4241d84d36489f4566163b27c23c07fde82f03cc3a19b7e23,67bb247eeca827e04802717bd6af5e66def1b5ad980ef7a1952b027afb5a6e05
evidencemm_day28_registered_source_manifest_v1,20260823_201622,20260823_201622,episode_recorder_v7,true,true,,900,900,900,900,59.934256900,10.252341,1802,102794079,49b6d87e034a64cb0fe53f673d70079817883a48d106994b212cf0af56c55345,183d0f3a0b92bd4d79c2c903f3287d64e0f2b785ecd3799d7c90a0b9799fa8ec,53ef4a9ec9b45d3d4f8132dd85b477d2eb247112d6f089da77e4215d5c79e10b
evidencemm_day28_registered_source_manifest_v1,20260823_202206,20260823_202206,episode_recorder_v7,true,true,,900,900,900,900,59.938126100,10.604780,1802,100411497,3820d13feec507d8f3c4fdfca81969b9cfb8ba9cd6ed9331cdeb38b6a44ddca6,498c89c09b9faf89574bcea20c91b1e629858d5e275401cc31b36ee437aabc46,5a7fd87a3fd7bb88857137c586115d34aa21df7a0e8951d1e762597fe59ad80d
evidencemm_day28_registered_source_manifest_v1,20260823_202726,20260823_202726,episode_recorder_v7,true,true,,900,900,900,900,59.934948500,10.737981,1802,101243837,365e0b7ca5d7d08b4648907937233a83ad9132602ddf52f729fdb49134119207,39096402da8627c5b82e3e45ce73cd3774b946a28305480cdcc05c9b2bb4d0c4,948a63807cf984accf61101df2cc8080ad80994ae7efc33023d910f2163f6a9c
evidencemm_day28_registered_source_manifest_v1,20260823_203003,20260823_203003,episode_recorder_v7,true,true,,900,900,900,900,59.934104000,10.747277,1802,104942978,94740142afa67d4681eb56c87621d99c1b5c075602f0cb6394dce673af98c082,1702ec57b11838efa84ed92e9a4b2f2537ebc1c09994e8b259d029d6cc0503f2,72bb5f13adab3caa32225e68a4eee1014b2bef2566c9f7e190814c81cbf630d4
evidencemm_day28_registered_source_manifest_v1,20260823_204919,20260823_204919,episode_recorder_v7,true,true,,900,900,900,900,59.934321700,10.403442,1802,103848068,b4a9a5722a1cc4e3b6eeaf8d9d68f5a397bd00ef350d263d723d153b2c356948,0ba9e398e8b1dd50acbfd90fd80e1636d371fe284afd9e3b982d05382ab0be62,7f2800fe20b5fd23ea16e3b9f6acc616a5f52df3298df2403954a23d2281863f
evidencemm_day28_registered_source_manifest_v1,20260823_205139,20260823_205139,episode_recorder_v7,true,true,,900,900,900,900,59.934647700,9.733126,1802,103061545,332908e17017edb8d476de12f34abab20a38d115833066e6b0e0b73ad7da810f,58f006100882bacc04b1b9305aa113e651c7059db743bc4616d94738dc5308c5,8c1346ff95c84e7cb54d932045480546d84e741851ebc207bc2f18603f134f05
evidencemm_day28_registered_source_manifest_v1,20260823_205550,20260823_205550,episode_recorder_v7,true,true,,900,900,900,900,59.931178400,9.737053,1802,103013174,cc4f66f1b4560a838a975e0ad26de146220498bf94e1573b6075ed65100021a1,4059fb39733147318cd17a16476d5c6326e1358232be413b6a1ea8d2e7aba797,0ab6d9393c091f716ba71ff7e211f2afd8b1c253953aacf0b7d774d0ed099da5
evidencemm_day28_registered_source_manifest_v1,20260823_205808,20260823_205808,episode_recorder_v7,true,true,,900,900,900,900,59.932645700,9.880287,1802,105569277,909054e6f55df1158d45bc7bde75ad08bdf60cb87f2e4eee31f0c86f1f65b59d,73b88913f3370a70948b6a19a50afbbf074fc4b698624df5dd3dc9835955069b,a57becd36cca4d308f0612be84f78bb0f588c3b21521d0f0590fa10716ed713d
evidencemm_day28_registered_source_manifest_v1,20260823_210152,20260823_210152,episode_recorder_v7,true,true,,900,900,900,900,59.936662200,9.907090,1802,103353002,b0f6a570947ee0fa7ab7a37e6ca927b521a8b477f7db08b23b79289497e883dd,75829243613c4d993f706bd98928657d9aeb10450d0f89094b366752a07d5021,c0618d796a0e61b880560334a5735ab3e2e1714bdc8c367b99347de390508bf8
evidencemm_day28_registered_source_manifest_v1,20260823_211411,20260823_211411,episode_recorder_v7,true,true,,900,900,900,900,59.932253700,10.776233,1802,101191932,b2a6d9bc2cc17f63a7c95995433619d0a0fdd43f67130fd9228ec3b5d337d071,52764742dfff6fc8118382c30cbfa05ef8985ef7ab22a9c46c801da5b4a8ba40,671d20ce8c764aa3a9598c064557fa2c6ef7f16fda19904c7f8fb89e0913d2f4
evidencemm_day28_registered_source_manifest_v1,20260823_211641,20260823_211641,episode_recorder_v7,true,true,,900,900,900,900,59.935062500,10.062964,1802,103101634,95b014ec0747f7f5ce6a8f0bb3ea84673caa4ebf347f79280683b4b89bf0a4bb,18a8ab50ed42ab09bbb7337db696d5ff97697733d39477717bf2c82fc70cc1b8,a1454b71d3b3c94beeadc0d3f75baa96e71d102d62a3132cdb819f2dfaa20913
evidencemm_day28_registered_source_manifest_v1,20260823_212056,20260823_212056,episode_recorder_v7,true,true,,900,900,900,900,59.934148400,9.419771,1802,102046399,f49768ab86c73354483d5ed9cda9995216e50b5c01e88682ddaec7f131cf81ca,4bf9947bef1e0b0ac3a2477dd35163a42236b01b1cea2ccefa638476d171ec0a,d526fafb8f0c4cae5a86a3b0028ec78cc4535c88b1e8ed213f57cbd7ca49759e
evidencemm_day28_registered_source_manifest_v1,20260823_212501,20260823_212501,episode_recorder_v7,true,true,,900,900,900,900,59.937386900,9.992638,1802,99094066,83b3c3190f9e91c2d8232e07d78a7cf0ef9fe7d0f840dc6d9ad02e7086fb5658,10dcafd4f95db452036949b9d4870ca380740b9fe9b300de3ede15988f653ec4,66fedc0f18f19fe1f16f15b59d82024c0f961803e247aeed2e3e91aed887c4c2
evidencemm_day28_registered_source_manifest_v1,20260823_215408,20260823_215408,episode_recorder_v7,true,true,,900,900,900,900,59.934143800,9.738814,1802,101333492,1f75d84fd24e25dc7489465e806c483b955c3953bce4aede3f9f8fcc435b7a66,6b24b76670cad2a9574deab5ab0a740499f7b4ee702270b46e705e4996723f75,9ff0daf6d86655bbfc6c5d7d469fc5b0076d083802af9b6f599b0973784bbb36
evidencemm_day28_registered_source_manifest_v1,20260823_220059,20260823_220059,episode_recorder_v7,true,true,,900,900,900,900,59.934594600,10.248413,1802,101731585,0a37f109571af7ae2e2a22c9bcad3ed08f125516c1e8d4db48688666e5d8c605,bfc1a649b52b8c06e53d1daed2e9278d83d79370abdac8078d9c5d4c7d320e40,f1ec0d47164f6b71ed502acb939c0874ef46329cb14bd7b4a7618a83f1207b89
evidencemm_day28_registered_source_manifest_v1,20260824_101759,20260824_101759,episode_recorder_v7,true,true,,900,900,900,900,59.930856700,10.339233,1802,102249921,7fd76756f7975ab01bb7c4abd74a49bb6332ad7e848875174af705df3cda9450,ecefb899f1b80dc511f535964c9148f65e2a407879b9304dcbf9ea37165b0a63,36414c29c1e5de0c3a4717a906fd2619e7419449fcf88fc329e4c0a6b2852f5f
evidencemm_day28_registered_source_manifest_v1,20260824_103601,20260824_103601,episode_recorder_v7,true,true,,900,900,900,900,59.934728500,10.794061,1802,101744746,dd6d6db7c1d08d62984e1b7cbcb05ed8bc2905e015cdfdad827f0e1e28e85add,92ae6d0b3e8185261765eebd379fe49419386a3bbb2f77fa5daa096cb576c20e,07aab56233b89153a78975733bd68e1cc1b20b9414cdaf2be56595d96f9562bb
evidencemm_day28_registered_source_manifest_v1,20260824_104110,20260824_104110,episode_recorder_v7,true,true,,900,900,900,900,59.934092900,10.366357,1802,99480009,016e57118f7e6dc87875ee4015ead7f02a770c31f513e4c32004d15428eda1b2,e711ccda6d72139ec74c3021f65f1befd565b95e5eb1b2769aa2deed1c600014,1bac80b764b234067a5d71fefb205284a05790941b8a1180bdf97f4854d82a39
evidencemm_day28_registered_source_manifest_v1,20260824_104319,20260824_104319,episode_recorder_v7,true,true,,900,900,900,900,59.934185500,10.262231,1802,101551392,8c45d67a905a6a610f00e71d742346c4fb41707dbf64ba0698eb36025d8a97f9,fe9678af5aea2eac60ec102cd579fe1611cb9323e4cb0b6f26ec95132ecb4624,e6c2f46f36052d69dcf2498dde4dbbbc347eefba7f029373a9b8029debb78744
evidencemm_day28_registered_source_manifest_v1,20260824_104722,20260824_104722,episode_recorder_v7,true,true,,900,900,900,900,59.931626800,9.348195,1802,101523372,57e71d4a7d78f1ed9490b80a7416259e7885f32f9a4840158d8f49fdec9ac5ad,eda12d6905b53d52a1feda813cc3e0c890e44381ffff20efda37cc883472320b,14aa963911d04e28f877eaf48da297adef2430526b7bbd6d295449e808831cdb
evidencemm_day28_registered_source_manifest_v1,20260824_110557,20260824_110557,episode_recorder_v7,true,true,,900,900,900,900,59.933304400,11.234750,1802,103076781,fef31d7ce451f288ea1cf5723f2f63c0cefe45cb97467e3ec49e64770593642b,42bf94046f33e2fd0abf661048b09cdea29c39003200b4c95b33d8e309760619,cebc35c01794ee3932d0a5ef6e6c01cda9f55ca2483fc345d973263b2eb6e63e
evidencemm_day28_registered_source_manifest_v1,20260824_111112,20260824_111112,episode_recorder_v7,true,true,,900,900,900,900,59.933004900,9.825945,1802,102171983,6b6ef5070f7c074887b6800371cade7131ab317d58b9e1bde43b51bb2525bbf5,2ab404524f1c073421fb615f099f5c72b9a7b48cd03853c3432d402e7afa1eb7,5d0d628f997eb4429862fc455f66e7c1148c1a79638dca04cbb64994e9fa0a02
evidencemm_day28_registered_source_manifest_v1,20260824_111315,20260824_111315,episode_recorder_v7,true,true,,900,900,900,900,59.930537900,9.768794,1802,103745690,653b84e94218343f9af72b5fb359bd54961edeebf7524033f50cd096a24abc8b,2f9c0331d765d4e96bc297f3c763ec2cf7ea6bbafc76050f1e9a965acb39f1a1,cfbbf9f975c58637a560d03d608ab822956e6ac70e7f225512e951aa7aa8b5c1
evidencemm_day28_registered_source_manifest_v1,20260824_111655,20260824_111655,episode_recorder_v7,true,true,,900,900,900,900,59.935534400,10.833574,1802,101640227,70f6218a26e8a7f01502dd87c8aeb3b7bd6e9275b82069d4c6c9409939fcf378,72b47963cc8f6a582504964f2e642c6a321eb6c83fea7db11eb200d7ee263813,7453463ef0e8b7669991fe5918b08eed93f18751b7ef27401b7bac93ae007449
evidencemm_day28_registered_source_manifest_v1,20260824_113016,20260824_113016,episode_recorder_v7,true,true,,900,900,900,900,59.933769500,9.885239,1802,103909153,1a3f7dddc54cdd6fdbc604fca87aebca6665671379def1fd222c198681b0f8cd,6b439b628f87c8ffa459d0f5a7610f8e329056d20d7e6076bfcd8762e690d587,0edbebb136468d3321af0f204a54149120b26233c8c48abf147db0c1e41560ae
evidencemm_day28_registered_source_manifest_v1,20260824_150526,20260824_150526,episode_recorder_v7,true,true,,900,900,900,900,59.935326500,9.883656,1802,103052291,1d90909f1627e95ca712c52991eddf2e031c345b121ed8066a0958cffe4bf329,06460fd7e15925971f513d32b044f14e764546182bb538a8fbc5bbdc874570aa,7770d5de1bbb0f4bc17b49520602dd271b22d4256cb9e85c635c3bd6aad7c7bd
evidencemm_day28_registered_source_manifest_v1,20260824_150810,20260824_150810,episode_recorder_v7,true,true,,900,900,900,900,59.935276900,10.592307,1802,100980942,14c78a3c5ddfe2a5a1147d5dbbe7443a69cdd153cdea81fc6ca158e690e96fa7,fd8b5a1aa9d9de27a878dee5dfc2310b7f860ab78b6eb4d7d2e47c10045816d0,ac87499894186d12f98f0e924706ac7de03f47506296f0b26587e454db7f9f2f
evidencemm_day28_registered_source_manifest_v1,20260824_151235,20260824_151235,episode_recorder_v7,true,true,,900,900,900,900,59.933849800,9.489430,1802,102078556,0a5d4404931593703f5deba5bd327dc98f3a56f7bc44b5cdf72e5a77a08b8d03,31ae2819099aa3bf444dadbb60676cdc87a454d29b96d5243ab54dec0204faeb,4b8e3b1cf16896e557d6aa2b693799407e071c610a6920b3a2dc43f0db6a847a
evidencemm_day28_registered_source_manifest_v1,20260824_152217,20260824_152217,episode_recorder_v7,true,true,,900,900,900,900,59.934786800,9.146607,1802,101604907,a66923678100b293eada7f4f7efac9d3cec8c46e38bb1ba37e6a6e189b5f21a2,fc23e8c55f4bf0bf3e69e0afc3463a1e82142d4dbcd71226a2fe0a7c7a47533e,4371428e74b743e48e5843b12133d88253622bb0c51ba201d5a778e6b7bfbc06
evidencemm_day28_registered_source_manifest_v1,20260824_152701,20260824_152701,episode_recorder_v7,true,true,,900,900,900,900,59.934398100,9.729341,1802,102324297,eab7876df7179a5d95b6df60c398fead79e697aca107cacce9ce0802e0502c69,312c2cfd6cc0d828f41638f96db1fc145fd7cc960246a463f084c0e45de13e86,34c9932ccb41063866e999566676d6aa03017c9b3493195a38adea362ab24f90
evidencemm_day28_registered_source_manifest_v1,20260824_153036,20260824_153036,episode_recorder_v7,true,true,,900,900,900,900,59.932872600,10.343161,1802,103175982,4495f1fd34d345aeeb009e7fb365146d1f14e45e8ac4f3332d5e4654cf95be78,09c6ba1ee269b752b330f06fa15309cde5233cf178647699db6b6106b100cff6,ec346607fc0b97841177592e6dc40cbd98e0d39821df658d48659f959ffc2415
evidencemm_day28_registered_source_manifest_v1,20260824_153650,20260824_153650,episode_recorder_v7,true,true,,900,900,900,900,59.934759900,8.987544,1802,102579635,2e87a7aa4c0f0f5ef64748794fa29e0da4010998540bfc609085ff0335fb91e8,001e3560a09228763569915f1e1f8cc816ca2dab5897304bfc026e5e74e6e263,9cf1ae97fe37679400994acccab0421f70a70f0cbcb61ff46bb28886fcf7b264
evidencemm_day28_registered_source_manifest_v1,20260824_153858,20260824_153858,episode_recorder_v7,true,true,,900,900,900,900,59.934850900,9.235762,1802,102413546,32d338ae0ec68feb6a09985ce0dd7f746d62a97a36ce3c0dcca961b3db8f21fc,17337c546c95d9dab243b9e396894d426c3d72736d4713b5bd60332a06085560,60f9815abc2f648c6bc85e01a25cfaf6e4f4d5dec1b6450c0870a3c0c647746e
evidencemm_day28_registered_source_manifest_v1,20260824_162548,20260824_162548,episode_recorder_v7,true,true,,900,900,900,900,59.935122200,10.922479,1802,100878361,8fef08a0908c95b5fc3204a4bbe61fa69329b6d43750e609d05ccf5cbedcc941,f131b6845fc185f0f9b0977dfbb8e68d7896f1f0dfbde667b136f478b72a1bbc,919dc8a8d48a1a8421bd778d3dfb2dff5e16e6531a24f8a6d102c822a26b8713
evidencemm_day28_registered_source_manifest_v1,20260824_162953,20260824_162953,episode_recorder_v7,true,true,,900,900,900,900,59.934530800,11.981320,1802,102148170,bb257e1d55914b7b6be56c13a10d65b91ae7ea8f629317c122e74678b4aeab5c,e5dd2ffb7de0ef11fd93d3e460ea5834d9c7a303f8a39ba3a7e6b590a87a5195,2bbbdb21921d5b89a6ec962d4a512ddefb4121a97cec7f56ef9cd40da9ca5e8f
evidencemm_day28_registered_source_manifest_v1,20260824_163454,20260824_163454,episode_recorder_v7,true,true,,900,900,900,900,59.934383100,11.265051,1802,103213419,3035e84b6b6bf81e579105e469a99b4986e796cc2b409e0f8a226620b506a1dd,d784c09d5cebc6c6072da9ee7471e569f3629b5c773e09e935438a09bd616ee8,be53bc3d4b91b83edb712f38b5fd24c2492e08c0e1d8750512f72c0bcd512b93
evidencemm_day28_registered_source_manifest_v1,20260824_163707,20260824_163707,episode_recorder_v7,true,true,,900,900,900,900,59.934598800,11.313015,1802,103289761,5d42619694d518cb023f5be7697eb54d8d8cc7d7e9440a208d564030824d483d,424ce233debb7d4071dd02f6bea74785bacbfa2e7857327a6a4a19c310edeff1,83ecd6266703374d40ff3d28290a5e5eeb7046a3e0a5f61a589fac6d606c10f5
evidencemm_day28_registered_source_manifest_v1,20260824_164039,20260824_164039,episode_recorder_v7,true,true,,900,900,900,900,59.935032500,10.311182,1802,102303225,092eeb268e08cfad649cf0bad8566810b5efe338d6a0304331a2057611e4f71e,169c37c6df8a01133c53fb8f7195976b5beebdb12147f357d4c07ed609c372b8,3a87976b8fa7ad5139ed2a1cd027869e9e44f368c22fa5cb4dc6b9dde66f9f3e
evidencemm_day28_registered_source_manifest_v1,20260824_165347,20260824_165347,episode_recorder_v7,true,true,,900,900,900,900,59.935223400,9.765260,1802,103396882,2d50d8bda2bc7974e57e2062dbdbc3718cef47123435326d42d51a3f2d7060ff,48bde1cc672464d7ff9bf84003a069812c8351a3e204b259e83c961486f1401c,51d2b2c659ec717807b99be8b0972a45b55ec91c8d6934a3f4c7f21367d7c8fd
evidencemm_day28_registered_source_manifest_v1,20260824_165648,20260824_165648,episode_recorder_v7,true,true,,900,900,900,900,59.934183900,11.288735,1802,102595875,3367396421736ae769ed6f361ce969291021dec12a12b6b63fe26943201d2ed7,ee41935d967e8675744f9a59f0c57f3e05e3cef091d96a303b9ffd2e4b22062d,ee4fa51643d8d9e7dd5fda3828b6e665a24a3668aeee4a4e9e0dc0c1bd51211e
evidencemm_day28_registered_source_manifest_v1,20260824_165855,20260824_165855,episode_recorder_v7,true,true,,900,900,900,900,59.934459500,10.692184,1802,104201926,e2d7f748c1890e5dcd7a4a8e24eabd31e7840e159258dfe1c883b7bd5d024e4b,f4a5e8f8ec762f7fde8231d9e24dcce956525c587afae216ee443e0363fe1e15,1e0c43eba691daaf4626d6d33448eaabaea53e7fd6b9e783898d9af21522b16c
evidencemm_day28_registered_source_manifest_v1,20260824_170209,20260824_170209,episode_recorder_v7,true,true,,900,900,900,900,59.933767800,10.386268,1802,103579267,ae432aa2d0f7a2a3cab6b8059da76fc405efe68fca8792753bd95f54cc6526a7,8a012726506dd63c437a9377432147e5cc39fc250a6051f67d5be7638231452f,534c812647f27850a42bba138b5e77c052205a33c3f7c423403d414393533276
evidencemm_day28_registered_source_manifest_v1,20260824_170404,20260824_170404,episode_recorder_v7,true,true,,900,900,900,900,59.934175400,10.992709,1802,102694852,bcfae58d2b1ada103db33e1e40eb7940814f6b4b047e5dc3f02506c5c918fcc5,b2e6fd51c1bda07440abf139daeb71d0c1fd990111c87577bcbfaeb8af59d1c4,e4771614a2e95ed867925c6ca9eb0b5c347e8bceb3753a7e0709374a0cca25db
evidencemm_day28_registered_source_manifest_v1,20260824_170612,20260824_170612,episode_recorder_v7,true,true,,900,900,900,900,59.935366600,11.761820,1802,103448272,7c57491f3845785234437bd607294503592da9aadd7fa2ea6ef97815c1a3b081,fe74b7d71d35ed12f3a8b82057fc27622ce4ff3a77d4d60edec0f2e01aeb3418,883b4498e830d99b09f049916880244bd0989a6c05b340806085807bf2a2c540
evidencemm_day28_registered_source_manifest_v1,20260824_170808,20260824_170808,episode_recorder_v7,true,true,,900,900,900,900,59.933646400,11.590367,1802,101391005,15f4fd73b94e506baafdf25d88a2d80c7db42ca3fa882010e8ddc6d45b254c1e,94430a64f1cafc08bb4bbad649738eaed8c3259fa5f8af725a0d9279a4184ba1,dcd30e6c4e0c25be0844c2a040d6c3e6707dddafca29dcf5c93a3ba3dc4506c8
evidencemm_day28_registered_source_manifest_v1,20260824_171949,20260824_171949,episode_recorder_v7,true,true,,900,900,900,900,59.933498600,9.989948,1802,103865616,10ec95024ef729a6eb0372ebaee89716ec24435a2c3304fe9bc33607d4907d8b,eb1c63d5f2e29bfe136e014d59ddb204c5a943d4b1c3f614e2308918cba4e195,533e65b61f41f8797bf967c7860e60079ddd7ff471077ff39daa3d76b482c6e9
evidencemm_day28_registered_source_manifest_v1,20260824_172151,20260824_172151,episode_recorder_v7,true,true,,900,900,900,900,59.933861200,11.517280,1802,102073550,2a7ef07e959b6124b059edff41184e4da9588243537552167324ec7b8857c046,0e8673216c8afee92bba473237561cb673138b977f4a7b9194401f529ecf49e2,f2c64cc2c49547491a589df49f0b84d3bc74a475c48463a879dccb54901fc64d
evidencemm_day28_registered_source_manifest_v1,20260824_172840,20260824_172840,episode_recorder_v7,true,true,,900,900,900,900,59.933462600,10.508127,1802,103637848,7792f6c9808d7c471141451b77f9044bd95adc8713b334e108738af48c87562f,8c2ecc0cb1836cee5cd0a9c193577bf91bed0485a32aa3972ac8ab0528999fc8,597dd8b06246417115b698f69095499febb5675ec8f3900200970ec9b4aed180
evidencemm_day28_registered_source_manifest_v1,20260824_173210,20260824_173210,episode_recorder_v7,true,true,,900,900,900,900,59.932548600,10.995137,1802,104757205,e5c46c19daa8957f229d5855d0c14e3759a227c171b5e4bd49120d9998b34b22,be024d1331ba6cfa8891ad4fb6c34a276d17c33a4f895dcd7e4acc7fd4fab4fc,844f88c6aa15eb4bb38a96ea737e952ead00c02332b35585628aa71adb91be3c
evidencemm_day28_registered_source_manifest_v1,20260824_173439,20260824_173439,episode_recorder_v7,true,true,,900,900,900,900,59.933357500,11.531014,1802,105196055,d0a48a30fb53c9c4ba062b97dfe2f291ec6165ee9f51129079edab971f2da04c,ded2ccaa20a9e0186f84a287a588329318c5188f4f1729b83b50e9f00b4ec108,c3ad613b0408b4e916777132524bf93c904e36bfe42d55781eb441fbdc50243b
evidencemm_day28_registered_source_manifest_v1,20260824_173656,20260824_173656,episode_recorder_v7,true,true,,900,900,900,900,59.935423400,10.849867,1802,104639401,c4a14cca0f73d4e2288b08d7cf77e0aad3adef731182ab428bc9484056561348,e72df359f87cbf874053208b40d64c187cce560793b3f2e4d0cb42055a7a9747,a02e5fbe4f9c33d00cd5a7efb1cebf311760379ea7f29e553ddcccfa20068f33
evidencemm_day28_registered_source_manifest_v1,20260824_173930,20260824_173930,episode_recorder_v7,true,true,,900,900,900,900,59.931413700,11.067046,1802,103542374,b2508628f35c7d5d5cbb1baae5cb647c95dc085602575e7947ce93608fdab169,ca411f6a34db53ce2c007ea963e1617aa467e2ae5b4d6e53509a2fb3a165c485,867f4c17532d7b21e55cb614d348131261228edac21587e6816ae3b859ad28c2
evidencemm_day28_registered_source_manifest_v1,20260824_174135,20260824_174135,episode_recorder_v7,true,true,,900,900,900,900,59.932581600,11.087636,1802,103471770,cb5af0782d2632b64fa6d261b2a86bb34f0a8b810cb91020a5cb06e754be87bf,6dcb942f8307e5ecde02e8eae3a2df6ae235344adbf8ef2730628588ba22fbcc,3fe439a7665b1e3e57ede444b74ab7753904cfab615a69b6845138a8fc51b178
evidencemm_day28_registered_source_manifest_v1,20260824_193402,20260824_193402,episode_recorder_v7,true,true,,900,900,900,900,59.932666900,9.865161,1802,102735170,de8a6fc55418d4aae2fde4253497e5cd9dff2416676f419557fde2dd727b8bf5,dfdabdb79bc1c465d6e1b92bcd6705b389b7fa69b25bed7ac8ab52c14ad4b0e2,e0aeb3edbce99d0a5a39452bf73d1cda6687e773530158201a625dad480ebe8d
evidencemm_day28_registered_source_manifest_v1,20260824_194022,20260824_194022,episode_recorder_v7,true,true,,900,900,900,900,59.931507200,10.281784,1802,107171799,1fee9b0ac2098348e27be6c928d202adbbcfe5ecf541f763e0659d65f5c5f92f,39ca495bf5e92ac6059a44d7c98f71c1ca1b30b867d49ef2e11fbd8cdb371c78,1d7014ff099155d174dfd1fcdc5a166cf34d3e2b56219413b67e5e24c295fc14
evidencemm_day28_registered_source_manifest_v1,20260824_200034,20260824_200034,episode_recorder_v7,true,true,,900,900,900,900,59.932976900,10.168613,1802,103259364,d376f7ad0ad3e9c715c19b8cdd5179461822b3c0ae8e3183f8ca6c87e7ebfc13,cd973ac2d98784d7f95a481bb43ccaefff40527b0b239266bd7d8ad8a41f4424,dea3584e1676053ebc722ddfc74f6055e1c040f6537c6f23666b7255b6760a47
evidencemm_day28_registered_source_manifest_v1,20260824_202357,20260824_202357,episode_recorder_v7,true,true,,900,900,900,900,59.933396500,9.678117,1802,104833609,ae47e67be3034884812dab26213d0714e3451825741d1bb1134d186110ccb140,beef5dc054632d10cb0594ab57f40b3d36e5eaa6fe2c5109ba54b07b05f8df8e,6d6c77c6ec73484f59cf1c0f78bf60df61e8b8201540d36f54a7a7a92503609b
evidencemm_day28_registered_source_manifest_v1,20260824_204143,20260824_204143,episode_recorder_v7,true,true,,900,900,900,900,59.933072900,9.190619,1802,104207801,23a0d8949cd8dad41af81e7d5e63e4aef2c7cd31f3896f4a29f39aaae99eebd1,e35cb41e5821b643e20d9c238c870cbf187189a4ac9bfc9d87997242057fbc57,4de77cbd2af4807b5d386332a50ef7e861c8d540b6735e004ad0fa6524dc3f90
evidencemm_day28_registered_source_manifest_v1,20260824_204726,20260824_204726,episode_recorder_v7,true,true,,900,900,900,900,59.935901900,10.516804,1802,104088943,e6764297f1b822700915240239f48ea2d2e4c0f147ec506b620854518ed59ef5,757d10a56b27d5dacb2f6674552d7544cbf5b6c603977fa7ac3deffb59433f44,8285ce63282f2a0bb84ea2338095c6d0cc61ab54732cd8ecc6a30899770f825a
evidencemm_day28_registered_source_manifest_v1,20260824_205215,20260824_205215,episode_recorder_v7,true,true,,900,900,900,900,59.932425800,10.036435,1802,103363937,df10d836480a933dfc44b132c14142590a1692d092eecbfaf4a85a2c1b7539d8,b976e534a1d02044ac4668062960a0db46ea28b0f008e5268924dc159a0105d6,df50682c10d1e0584d845c841f39ef3c994528da5bd015afe19119bc34d6f098
evidencemm_day28_registered_source_manifest_v1,20260824_205729,20260824_205729,episode_recorder_v7,true,true,,900,900,900,900,59.932353400,9.442884,1802,103496351,286aaf77fa89abc87b400bcaff43e562be3bebe7e5c895f9b6ba8b00b8c1e740,617627a790dfe6c72eff0c26a3a8f79e126fba433db0118e9a45f97b98fc6f14,c416f6c69f9d13ab895e3b856bd98b7c10f03bb6e278637efb216b40636aaba6
evidencemm_day28_registered_source_manifest_v1,20260824_210230,20260824_210230,episode_recorder_v7,true,true,,900,900,900,900,59.932557200,9.720415,1802,103738231,f62090ee83b41eaedb8e2656e71ddc415ea994d1f37f00149a685a05840d60cf,19435afb6ecbdb22ec1ed1f5d78d03880baa6f7e181b0d3183f400601e810eaa,7511610642078d1a6d2e047416da85c176a19ef46fc1db9224cdb29d943d1b10
evidencemm_day28_registered_source_manifest_v1,20260824_210553,20260824_210553,episode_recorder_v7,true,true,,900,900,900,900,59.931822300,9.917135,1802,104001915,26a32efb9604cee86ce106f214c1e86b28a7535a9d25d2c02343981dc98b22c5,841206865c0fd8d4eb0350322f2be2cbced2c0836d4d1a6f41d5050291b155a4,1a4e72ae82fb4f9c511915f05f29c681af4595a62f923104357e2ba6da416ed8
evidencemm_day28_registered_source_manifest_v1,20260824_212337,20260824_212337,episode_recorder_v7,true,true,,900,900,900,900,59.931795200,10.775566,1802,102979548,ee6dd0d4f976c199fa8f0da55a51134ff13067045afb4c1458c5291461c3edc2,4f1bdffae585ccaa6bc5668fd7c5119d1541fa67ddf3b38c0220fb3523636dc2,36648a3cca7509d5cbdcc2f7799f07d1ce24146128cb785b207c1f127b23f5ab
evidencemm_day28_registered_source_manifest_v1,20260824_212824,20260824_212824,episode_recorder_v7,true,true,,900,900,900,900,59.934277700,10.206032,1802,104923857,c14a99d7dd98154ab616ffd546f56e900d7614c3e774cbe723932142a7191501,6a479f003b3cc19032bc5a8ac8363d3afc52b63c33dea89d65c524f2efc41ae8,d99ade0bdf6bdbf46abe4c7ad5f937fde37bc9cbe8bf768e45da25de309912fc
evidencemm_day28_registered_source_manifest_v1,20260824_213311,20260824_213311,episode_recorder_v7,true,true,,900,900,900,900,59.931838600,9.547188,1802,104979995,0a216914314362f218b9af56cd18070ae35a6e04d0c1ef061d001fa376b452a9,269f04e84b153b5a220c587ea1b7a896468dd6873eaa8832a74b33e31d7e1b32,eed57bd0ebb9f7daf071c461566867357a8c8e26b3b4cd529f422fbc0340e711
evidencemm_day28_registered_source_manifest_v1,20260824_213651,20260824_213651,episode_recorder_v7,true,true,,900,900,900,900,59.932302200,10.010478,1802,103022985,4f8bb4fc43530e03264cf21cad08048e83f96e46d6433d2d3d3ba5d3cba9d1e5,caf28f0d0777545125a6f4212e83a6d3c11db2a618a3c380a6dcbad6d1a80590,e598ca40f9f006fac95b33fb6437ef4cebefd44ad6c12e2b3e64058458c73e38
evidencemm_day28_registered_source_manifest_v1,20260824_214000,20260824_214000,episode_recorder_v7,true,true,,900,900,900,900,59.933918900,10.147607,1802,104114659,4cd204a136c77611eb81787c5b8d9c320ceaef23911d81c1a7cd286fd11c4969,f246381722bfe319ff21ebbdf13f9d9de7e97c036d2968b318bf859428911d39,e2a9e513c63beb1334c2d6375d80d14230f2a6debd0ae90c58666e15a4a9d683
evidencemm_day28_registered_source_manifest_v1,20260824_214832,20260824_214832,episode_recorder_v7,true,true,,900,900,900,900,59.932809900,9.909101,1802,104469102,1cf66de85902a4f3ea57350d2e8dc1975f92c472ad1f922ec7150a2d45628257,d35fb7eb64da9fa39ad553b8564e365489526db8c08b40f2b9e938b879a28025,72fad12534cae34100fc81dbe0debc85827ead50a0a5d21cb8d83698f77e22ee
evidencemm_day28_registered_source_manifest_v1,20260824_215136,20260824_215136,episode_recorder_v7,true,true,,900,900,900,900,59.933925800,9.393194,1802,104978683,45b63d5035bac4fa82a71e321e8177da775e077afc783db4c093dd7333f0a18d,4e4222d09b681bbeaf9b4a9f454c3d35b10d2f268548cc6c1def2f785da892b0,25c01506ab50f1a76069686cf8016599896dab0a392d8f9024b88e4ae852a8d1
